annual_rainfall,cloud_visibility,seasonal_rainfall,flood
1810.8904159657686,1.8513292883861965,597.2407990982213,0
3827.5000724347065,5.419009473783581,569.2597182367997,1
3061.9787963399176,8.729458358764083,1821.8837029899696,1
2595.304694689628,7.322248864095612,574.1377797140616,0
1046.0652415485279,8.065611478614498,616.7044796443989,0
1045.9808211767092,6.587833667107174,1542.856698594131,0
703.2926425886981,6.922765645178525,954.505700656026,0
3531.616510212273,8.491956515653193,1575.7500582148443,1
2603.902541101231,2.4966800885918596,224.19569937233194,0
2978.2540222861594,4.894249636431405,1026.3852679794302,0
572.0457300353086,2.2120944181960223,163.865840348237,0
3894.68448256698,9.87668007996647,219.0410865651736,0
3413.549242801476,9.440593396866133,1822.231161354381,1
1243.1868873739666,0.394268113685059,364.5662051234308,0
1136.387385224852,7.055751725156885,1111.5992963229126,0
1141.9157844870183,9.252483174156659,881.0816449413425,0
1564.847850358382,1.8057534512733353,759.952319891801,0
2336.6475107128326,5.679452305526294,1809.6833568058178,0
2011.8075652474051,9.154882975880419,141.46445387343005,0
1519.3019906931468,0.3394597858579884,1361.2004037336192,0
2641.485131528328,6.974202672468399,1930.4494250057458,1
988.2285122821464,2.9734900737255074,1164.3195485774997,0
1522.5062698732636,9.243961953765304,1879.9626778628744,1
1782.266451527921,9.710582451653679,199.28997064344514,0
2096.2449447596255,9.442664891134338,895.7073062409066,1
3248.1158648755477,4.742142166574638,594.2998028278972,1
1198.8582375542592,8.620426509893134,1488.5598334633867,0
2299.8205344476405,8.445493985350703,1964.4644719447688,1
2573.4509910171487,3.1910047324325563,587.4071186440708,0
662.576444519992,8.289154741506774,1342.9317428007414,0
2626.406981655034,0.3700763471549262,476.38550224350627,0
1096.8344329055203,5.96269878482053,1174.127483686059,0
727.6805754484783,2.3000883728770303,981.4717247078388,0
3821.0993803866663,1.205668857772788,1946.8101262999205,1
3879.7121157609577,0.7695320162920916,1256.2018181232866,1
3329.390718407614,6.962887758781397,764.0621069649557,0
1566.1481921067973,3.3987496376806616,316.7819912870734,0
841.8523990223435,7.247667715287615,387.36897459637566,0
2894.815592792549,0.6535634079894237,528.1021669073466,0
2040.5337280886044,3.152903378306103,576.8366565465662,0
927.1338219567259,5.394912923753372,1716.1705098981618,0
2233.1191853894456,7.907231648389636,1166.3232977367973,0
620.3598239032644,3.187525029320699,1094.4427316112963,0
3682.621407275737,6.2589137643700905,318.0608565515132,0
1405.7299356000592,8.85977748236187,1734.2654173639264,1
2818.827995238937,6.158631881823045,1473.347176096119,0
1590.9887663129384,2.329594747536338,228.569887610003,0
2320.238074122338,0.2440078155653802,1444.8866847365605,0
2413.485977701479,8.700988739009299,1132.7226129510275,1
1146.9905943393446,0.21269410850387138,255.2781569188787,0
3893.546197175955,8.747016726841995,970.7712189044473,1
3212.964881763901,5.28937134027212,1020.9229455470893,0
3788.246295474662,9.390676985128962,414.97162631022394,0
3631.8957264967707,7.987832357736654,1896.8264793005364,1
2592.649925838798,9.979341105333376,1714.9532058132577,1
3726.559822580909,3.5071181545171015,1371.142440925306,1
809.7237571817182,7.671882889311269,978.3615659011537,0
1185.940018467008,4.019309136092422,882.3545290105661,0
658.2955111868832,4.798756203039089,1336.849587586813,0
1638.6561576714253,6.275054632183701,1136.3205518731204,0
1860.370513913187,8.736771141863388,218.31890117558265,0
1449.7216112086357,9.840834691992951,1073.7550326636301,1
3400.581282031753,7.682734138645182,1632.166872742395,1
1748.6366434275624,4.177667821673338,972.5557674342203,0
1483.2707839058326,4.213570022770702,198.71749735311,0
2399.4362910538694,7.375823015888915,1593.928578829663,1
993.2347874116692,2.3877714576830233,482.59118605835135,0
3307.689432639139,1.1047411313139466,591.3795862872737,0
760.9272528791978,3.546221576407765,412.9420715213622,0
3954.1042781018105,2.8723899165408175,727.4086232558453,0
3202.856692538301,2.963081204559901,1537.8278608084065,1
1195.5048853696035,2.3360775104990994,1086.833133057481,0
519.3274099326084,0.42093189636361883,489.2744208863539,0
3354.1149995919195,0.1787393473341381,1767.8771484888775,1
2974.00070346666,9.877223897360315,1771.2055244079054,1
3051.5250881434554,4.277731337358624,1754.099007587413,1
3199.44621340081,3.8432664715968166,553.7128016249246,0
759.1562810693163,6.796472826930699,957.3547539438774,0
1754.6300499049541,2.1825388786506417,1971.4803466676626,1
905.541708337954,9.499611839502254,1566.8237049889817,0
3520.8619905645774,7.863450144155521,151.61810032856366,0
2681.5434438964526,0.8941100231225951,223.8887233949349,0
1658.1430869842723,4.175807757849284,981.4696159434322,0
722.4542260010827,8.791183075621646,1827.5183911369643,0
1588.4381260048176,9.447320222914103,1123.533416110157,0
1638.1416270936147,4.674015112498697,1045.8437652651514,0
3053.6216241832244,6.134113892107077,300.4000299175981,0
2731.451149743246,1.6703394609207523,1347.8821989761586,1
3605.2445990171427,9.911686261369766,1661.9960051404285,1
2152.7522380668224,2.3167170138344337,822.7980142643685,0
918.5798607840559,9.427317741351256,1573.6625167581221,1
2996.3567552804825,6.496466489923685,1932.505642411542,1
3162.747670159141,6.077367948788591,487.15627234260927,0
2464.4701914932366,5.126885110165086,1094.3262992700083,0
3198.3851298409636,2.3066981171775867,645.5621203606935,0
2228.284587275368,1.7652803200550826,1606.4233961642947,0
2329.564902836979,2.2048620907017535,1197.4273951741993,0
1996.3935642549236,1.8643826214425452,1305.7065933455772,0
588.9669436043332,7.795844735667533,1616.0369032701988,0
877.6199944765656,3.501252591667301,852.3438980586643,0
610.0021499035698,0.5784267656339637,1838.671129973382,0
2727.4364394232316,9.691026301408113,1112.754847767666,0
1600.2459337671435,8.837858849634257,400.1141633871612,0
2279.9974190764597,9.27752283195213,1422.2083245207248,0
3676.4826587413254,9.949078226464353,1607.1965658326833,1
1372.5228020210623,1.738952492194873,701.8471864283007,0
1936.340230624704,3.9624201890265875,1728.6405882976305,0
3144.4289849006705,7.582384757040913,1821.6721840549562,1
1300.7935792206786,6.960206180537922,626.118526017837,0
769.4296844007754,1.5389590633985506,1968.690798158922,0
1514.1300851981882,8.158331249906178,367.351903292641,0
1064.2745053890153,2.2444057183666066,483.82976996473093,0
3753.941783199006,2.2381761482262306,450.0271945522496,0
3328.421328475459,5.3697442289341355,1798.5804490149537,1
2716.913147786482,5.929399348417031,1343.1558494174276,1
3550.112065657012,5.8008620783781115,388.99813812231844,0
3312.8522691469007,0.9148683739775487,936.6144948998631,0
1152.9952061011254,8.774608626303804,1269.0662476326238,0
3623.9564947149224,2.6560004258870604,258.5817614798283,0
2387.6978467047775,1.2951492128280417,1776.5910999739435,0
3326.040543074219,8.887480798689772,1626.8467173389167,1
3636.3195497322263,9.556514982297534,1059.8928697956126,1
1613.0121624015235,8.621276172654506,1937.540568992424,0
885.1817358468686,8.09516074724878,893.7458606226894,0
1297.7730688967958,6.552419806390217,1969.809606169346,1
1994.877260191897,5.5085737060913935,1369.0479977268915,1
3363.051680728726,0.8698675991141014,1305.8754191824887,0
3512.557041397202,4.084532130706987,415.3143010619915,1
524.3324568591675,3.72688517012314,1775.6627407788235,0
2287.6155590214803,2.5975378376032623,912.2304070491688,0
1960.9385110207265,7.234201136885849,408.2434709867108,0
1277.377336647556,4.9587573507877085,123.95428795394218,0
919.5287856678898,0.8104621590764793,1163.5357989129268,0
1681.6530999126978,2.2018320194981134,1102.0592820330849,0
3800.183963693817,6.832587636595959,1466.7718825014013,1
1631.2102620726432,0.7613085949030018,1791.4903007338241,0
2315.7671761017814,8.512069140487688,250.8725108217561,0
2960.5663561331226,4.951465270139743,1489.8433316466885,1
1772.7036083275289,4.80586577326648,456.0826937854062,0
3901.2372895233625,5.924077846595176,1730.5364009986115,1
3868.5655322973894,8.246809659251491,1656.2206763371466,1
1381.2380353887745,3.4780920790219305,1127.5081344725343,0
2240.369770623349,6.780161525590636,1449.461317384292,0
1553.0740843586939,5.657319639957911,697.2652150491219,0
1496.9417303211367,2.6702827016942132,995.2190079723478,0
629.1043157408648,8.78629986355158,1661.1101056498962,1
2633.475168929639,7.974260216069281,972.6038746291064,0
2259.376581301015,6.584518346584255,779.8167041183394,0
680.1756293749627,8.505817290942419,1039.0036497755698,0
1475.26262482814,8.672942009598025,1673.6735796307148,1
3678.9306008832878,7.083629767150348,736.8952900046581,1
1338.4666173344035,8.37013328363672,430.1470269579132,0
1007.1320523192808,6.974714616692836,1452.8266386284834,0
2213.084660971471,6.801407717603004,1669.3586041453555,0
3949.7765893871024,6.186113782151843,291.2112091947133,0
1347.1934502902513,7.527166395576412,555.7608142362949,0
2852.4744159205748,1.586051052930737,369.7467805458884,1
3165.6686536505117,8.808707591989284,761.0886820061166,1
1331.7314039733988,8.71843527745232,955.6668599202841,0
3048.7572201415087,0.29247283034559146,1522.7700402302823,0
1787.2409645173864,8.258167505647627,1337.1804112751809,1
2713.070407077528,1.288698674734452,1279.7642782090193,0
2717.3539876631316,3.351188542591419,769.5123985583434,0
2375.2113942616547,7.435082562916078,1698.750350861044,1
816.0141951904291,1.607598960483082,995.4456180565127,0
3423.558734562333,8.179670241190621,1960.2993822287935,1
1622.7302274010754,8.32134177957742,1304.8700627619,0
1152.8147863994898,5.074677337608362,339.9030089725552,0
642.7129954416737,0.0638587171683358,1384.7373679433247,0
2568.1253011588465,2.870381331749128,717.6976293202281,0
2871.4752664479884,6.169269183757422,1404.021673703585,1
558.0574012474965,9.811861780274235,232.31818150857092,0
2292.3257040474837,6.3181352701666835,432.27473063432285,0
1292.7352131927828,2.5980358106415977,1725.900791920994,0
2758.1047664330745,6.340057030996114,531.6411583446783,0
1110.2825015174699,5.3998537971585545,1690.3781379615862,0
2918.2820833586306,7.798453951511436,630.6245680633798,0
1853.5737120518809,1.069806388269584,1321.4756291115445,0
3778.554960578571,7.61027902502028,1418.886089668679,1
981.3233045109764,5.412665786761103,1074.0440309756004,0
1693.7322286759047,9.629920038589946,680.0902857237894,0
897.1573243420618,3.418721660386861,504.0243151050826,0
3736.4276639749696,6.326218931339481,163.0597736686098,0
3570.6877368334335,9.320281055100175,677.4981623573752,0
1402.7956970030446,1.0250972799067926,1341.0093020094378,0
2809.9441611196266,9.372284872364512,1882.7791550521172,1
3360.2777007042555,6.878857223008134,1755.2885162997989,1
2443.202840598118,0.678370591051719,1555.523075417075,1
2353.777024246023,3.0096356694681625,1598.0499521812676,0
1346.4830181515808,7.081720886452816,1363.471316604391,0
825.8596873206473,0.673506014687717,594.5450293754056,0
3640.2551528366434,5.8217046017627325,1823.6705583410767,1
3651.4632000716565,3.4588305695295674,1374.3913926210846,1
2715.855100456438,6.209155177674771,1164.837198862836,0
1686.6042686704525,0.4574203381251285,310.87999150561404,0
1722.233511144313,8.715368061523762,949.4055332322083,0
3040.8448760458377,9.734889691773969,974.68071528366,0
3639.88590983402,9.688778552856915,1742.6708580930729,1
3604.8024849279104,7.496518317429247,1138.631618356798,1
3229.5644105016836,1.3008624013063197,822.7610430437783,1
2747.1107615400074,7.582631959290226,1955.9206241702527,1
794.4898774826709,0.2458691645880151,310.3691273199998,0
1065.7004993311482,0.22123551528997254,902.8420137926947,0
3644.9396598447775,3.2361021914954122,179.84688282567004,0
2622.5017088085647,4.886431904046658,1505.8178294571676,0
532.1896806582038,7.704074178077932,1844.3454491783862,0
855.1504000311124,6.832953766065052,632.0709261459299,0
2822.2561918781953,4.459027063767484,1730.8491859183296,1
517.7155434617654,2.736266662816659,655.2146378776058,0
1062.8281799612453,9.971245001577111,1830.4633071234389,1
2420.5682627830515,4.261813022359729,1532.5276168338894,0
2921.6331919244262,4.513870243296755,1629.3228759987335,1
2781.8644082591018,1.6362382119166918,134.21245564086354,0
1284.9425831119593,7.948095487499294,1929.3396784406493,1
2992.6272747163757,6.936822257814886,1480.6748849336143,0
1330.3718062388002,2.207696127887604,679.0270812336533,0
1638.898943557437,0.823810456158427,1675.8498632318092,0
3112.7199179130844,6.804993020747131,634.890276988367,0
2773.7151466652513,6.545112142811353,1758.232295175643,1
3472.281936729623,2.7325952699820935,313.9027417826803,0
2801.6451230512016,9.508635622504103,1437.0033571755118,1
2489.0801116741504,1.5105789178090023,1127.3271056253295,0
827.8616873983237,4.323348010426019,283.41549337133756,0
1787.0053107080173,9.436159201675988,559.598273691794,0
1428.208286886039,4.197273169261223,123.56766892689811,0
1353.9637518267925,6.385259476640855,990.6591343825611,0
3905.5369416335593,3.9759439796279428,672.4039954440007,1
1875.8420363336613,2.7421520234867005,1236.8792201657418,0
3622.1629431198967,9.839776479598282,664.7518346463727,1
2708.98519099042,4.09334006315043,669.8463118632709,1
3281.8395623957695,8.940992036791345,1512.0670775900464,1
2259.229825868172,2.299546058910862,191.47138835887154,0
2519.1635961922566,2.131047040250833,1815.5004908647757,1
2223.8119283660235,0.3113408288451136,1719.3013613432447,1
1183.3504572931556,6.5166682537588505,1368.8288981301723,0
3028.582403415269,3.6852634372376114,1227.1209832040302,0
1482.7032685429954,8.64358249839637,1795.3747464653393,0
585.1058825100885,4.732099066915572,452.12734110455744,0
2759.1530356750873,9.681934279147217,250.04140816257436,0
1119.8873779246715,1.8552551570312115,555.0693228281224,0
3791.6050452352,8.686231679556109,1609.6987295303616,1
3838.7500195090556,7.765968527917417,165.8735067803183,0
3702.02536577157,7.70921844644052,1207.3329866586303,1
1795.5554508940554,8.447832281168877,1991.3312807634888,1
554.098157851036,7.610239909429989,1725.8225782913248,0
3749.1149690570387,6.262203216314154,1090.74680918282,0
1998.6445191106002,1.3124487768238757,220.91772764462047,0
3883.2918666528435,0.32526179491251916,1679.6096773328486,1
3872.669919812385,9.208478478156868,1238.0591655367,1
3485.53309413576,6.166503145207381,318.372694413177,0
1530.57112224355,7.965372909761763,278.3288411643768,0
1847.8420501067385,4.815223515125501,1828.2909569295255,1
3478.9783503089993,1.1730818896239448,1371.480499582349,0
1609.2270180469718,1.2518579220255044,1675.6449187018354,0
1093.2246134013237,6.855652872289713,1770.0599105363078,0
2448.8044186042252,4.303058948994627,1186.3674688918122,0
3776.5417095627336,2.005247267003367,1083.1480683345785,0
2936.1042883624054,4.915945467414369,917.8120796098814,0
2495.2140953127773,0.6420893707513409,702.1985168031266,0
840.1177281976899,5.819714019143988,925.7323256315524,0
2652.525293447094,2.6899340443509767,1570.3713458872971,1
3965.1884753649215,7.975591006371881,1243.65451892875,1
990.294053327834,3.1036195892357377,1795.7942509142076,0
2314.1537832730783,4.552201490818012,942.4220273204567,0
3570.805751747844,0.11620539908100636,1253.4701995656326,1
3092.6901621397155,0.7244688779455888,1299.4843508747786,1
2939.5550934834378,3.924935564066848,1224.2246083820185,0
2958.6942939548826,4.799388347171235,1435.004168862481,1
1758.219029269143,6.000205481193037,551.1235899121319,0
1527.5714549257268,2.9166257870930323,1073.4911773370022,0
3332.7640441747976,6.949818861265426,298.02712533586055,0
3335.3968813771326,8.601223971892045,830.5715225251438,1
3534.753115030363,7.7985098889334985,1026.5674303804024,1
3696.3419339476495,0.39618825348357145,1339.2260931363976,1
2289.698396013282,4.805069472578289,1906.0089999137867,1
2255.3070314051984,1.0493017841817487,1241.2370264418762,0
3294.033126383713,2.4204501586252745,1512.8284407354636,1
2774.873757722178,9.866625932671464,1061.9055130408851,1
2956.8840704019617,1.4249554290151323,1304.7976596150295,0
3285.2743430263536,4.988881534513561,234.77121065416952,0
3615.018696361482,6.181557343181191,583.3440035995093,0
1682.9830489803753,7.024649705441039,787.5208770897635,0
1814.540334239804,5.5964868348691414,997.7373745123758,0
828.9367894430416,0.09770847419183659,186.73261645452908,0
2523.980493486609,3.2646130824399187,366.0457853513036,0
625.7979582885973,5.1771164338471145,625.947184803481,0
2129.5930634636106,0.8786649914483335,1945.9121127119963,0
2399.2562214765185,3.5062693120918076,729.5593134957965,0
1502.8943824489954,0.33203108791366565,1015.8780104129568,0
2567.9164119915376,0.7857849715502074,472.58565420294656,0
606.750874786673,3.9692327620159604,1260.4821350439597,0
630.7186606222505,1.3271575404306035,633.2981094803512,0
3379.101962308804,5.675408482615581,493.2858990330109,0
1760.66724493942,6.894649691372657,1081.4879940473602,0
944.7117942815967,8.005866991090828,110.46101840479956,0
2327.8514101918154,2.0015024424481007,114.56166203352812,0
3194.9774358451377,1.6748258225906976,516.2307372935297,0
1255.373596238951,1.0456784033440025,169.77058875156018,0
2680.116665366501,6.364302495436367,305.24893284831364,0
798.716127478188,7.064757264869011,743.835233743628,0
680.886024090127,0.3158614482564204,1624.9127912016445,0
2359.741210488518,9.362122462436899,1186.8924224016716,1
2392.222925635373,0.5197128365147241,1074.0686793171913,0
2731.004655243723,5.412963353010705,657.6287640954312,0
3041.3196680293154,7.090605194509164,1870.332066922351,1
3915.482278118871,8.709691237460856,854.3285783506642,1
2307.0512190541835,7.140869321324278,265.47625691196583,0
1630.347655294361,8.017280830697919,1272.4263806238225,1
3283.1516816904627,3.3945019254280604,316.2929476055427,0
1447.9128794172598,8.148251137465122,755.9239713232149,0
2036.3999724697264,0.8011484638467514,1064.0826835638368,0
774.5973346979308,8.948166560605276,1761.022796901834,0
588.7276019541013,5.475923761537363,1037.7385026462255,0
3869.269451372738,8.172977699624937,1434.291655460162,1
3425.9304217927206,4.523182845183001,1986.3519940982337,1
2935.909721327943,6.4357769519652495,349.8293278061651,0
1931.3353054499446,5.264026609361132,621.9898984870871,0
1106.5301202479602,7.315895217553319,849.6945436355281,0
1047.5296493488013,0.8162998203058958,901.4735392237797,0
1375.8501435760836,0.603520839905638,880.940043004537,0
2422.2933264714216,2.4710323401014644,1824.4609048574544,0
3001.085729450218,1.5954468011318834,1456.6620244870273,1
2810.6908185120596,8.717835665922017,1255.0199067723372,1
1479.7686393108,2.192139873580443,687.8081639392859,0
3842.028482321179,9.758652558191313,1665.20173002046,1
3082.6392084351896,3.3689579177110685,1914.614971821479,0
2440.239183789902,1.8211791568869928,1660.2767368454304,0
2641.0226118202327,7.896985071424791,102.97369986379852,0
1968.6002184972647,6.587077755008761,1309.1626033484733,0
1367.0584632540513,4.98195716453139,197.15722473999136,0
1745.9043752794155,5.553635509376313,589.4537186340715,0
3152.461386625292,7.192017782722639,213.0969306607662,0
550.3772102041455,2.2845474133129873,1247.2113606038367,0
906.2542417742068,9.963339160567418,1404.5208356359528,0
661.0092470761347,9.747931621467831,317.52651232521976,0
642.5508081163955,6.503256863469369,829.2938777854611,0
3494.1120440385253,1.9954245092914513,966.8493670155299,0
2962.802507830083,6.802282424312914,801.2007413457416,0
2159.608401805638,0.7219840897917584,329.9475009218668,0
842.4195622785052,0.30652502205806065,896.0008013562033,0
2220.6555629089135,2.576828885112137,1527.2382908359943,0
2157.1511977319797,4.626229567393163,234.91456261318538,0
1106.2065446850531,8.682725054083805,252.34202675561656,0
2018.4807723329056,7.271690697663081,774.06545448837,0
1894.7665703908071,7.42706521199981,1889.2788520759575,1
2655.4753431827576,4.2549333444807536,1370.2880287735368,1
2722.8277780367534,3.4593499254696294,1389.472917677873,1
658.5640342021559,3.7103876298460268,787.6479825919434,0
1811.1441511926494,9.876495637360579,1227.955503296223,1
2690.509704999827,0.4010919141248248,119.24924965271242,0
2260.9769050303066,8.670314961224486,1308.5824881781302,1
3497.714444159128,5.786754085723934,1835.24520039485,1
2805.4277106663076,4.386154191895905,1263.8895898551564,1
1070.2704947850038,7.252576604151365,1760.0273275860557,1
746.9906159015045,4.866689414247029,1475.5488053855781,0
2748.467473722105,8.734232380816605,329.0609911670115,0
592.7895868956764,9.007018640112586,1814.6612838430992,0
2550.2145344571213,4.217209268734554,226.24330427597226,0
3790.8058449873515,2.768277972350516,1114.5381978407513,0
2514.1596225655767,5.923503285933622,370.06053520756956,0
1858.5947417228267,9.12363345616691,122.24256038871772,0
2751.5087645482363,2.106621890056666,901.8650942425141,1
2103.8851167203084,6.229665835634828,660.5773445428969,0
2409.6587626057726,6.3156022009252055,1023.4009382154458,0
3795.126830717838,7.33113022415281,1196.6797847956466,1
1851.3592323027099,1.315676851272598,183.10423738699998,0
3864.1669733836998,7.158249646820885,333.7062607351167,1
3668.727246846223,9.09032520665641,1161.4205532558083,1
1185.2689717625376,1.7968310887024197,752.0179710280506,0
742.7645530630791,2.3754332492387764,1485.4296263439512,0
852.7230048209933,9.713950940416396,1339.3541323246855,1
563.7763897804241,1.8097695270948977,1706.648289680823,0
830.5503626457494,8.543850933695792,1415.736370671528,0
2890.523706957249,4.922778564480348,916.8690470412814,1
749.1602696108015,2.4723107440317706,1378.6365825494215,0
1616.4147060281646,8.707499012725114,623.2242310852952,0
3457.063588393091,4.453052550026655,681.9956476786041,1
581.4517750753905,5.148173539296902,1599.0718038495072,0
3350.639689061275,3.5923336939976567,948.1970811630061,0
1486.4917117068999,5.9295085143492745,1616.9226469848697,0
913.5768966757969,1.6352387258502277,1662.602509969729,0
2938.5800787745275,3.910815366517607,1729.3684415564392,1
2701.299963729594,9.694123223352875,1841.606948098294,1
3571.1520473446853,2.5813343270112754,918.8719189752628,0
3072.7486533136002,6.567366645412922,705.8469548101638,1
3312.18325634697,3.251900642246949,1206.1776185288163,0
1487.1210039995726,7.734731256866007,805.2276045314924,0
1121.0384032290299,1.3087366071834983,1242.0409169204427,0
3127.1516307430043,9.698210450785448,1440.6131390232667,1
3323.921587435424,4.5378954138363925,1407.9695351350601,1
3966.7679970023564,2.3605046334646396,811.6504853382305,0
1944.1618691899928,0.7349674733001266,417.03438322763037,0
1802.063300274741,1.6975790508754074,918.0057430781943,0
3217.445362596989,5.197739485560176,370.9288737556266,0
1692.8123908855625,3.3700317643128628,1791.1843668492359,0
3757.6506396124764,8.288833658826094,757.1671754019291,1
3504.4446314505412,4.308875236618059,393.47351972431517,0
2001.4790958125643,2.487142725876299,148.35074382092665,0
3128.048737270241,6.171449866040301,1327.06253394432,1
3140.900059296388,7.067772168854458,1310.1144031640122,1
860.9335409257642,1.6704190790094986,747.1479165044542,0
3658.9351733784833,1.6761921628831766,236.2525888105369,0
2268.3833035674998,0.3667142693354297,878.2949003009409,0
3392.6011313770955,7.364020150656405,691.3132406204478,0
1620.173603607141,6.638045276218051,1386.5292154965177,0
3634.3312997367016,4.746308757498139,1250.9805739601118,1
1862.205875569571,8.441704489691972,792.728083575326,0
537.9317801810442,8.056701529500533,513.9958530844813,0
3668.8369174674226,5.853543643967521,1977.2683356956245,1
819.5033687514674,8.682712805132587,962.6030802726183,0
1617.597731566452,2.0584121003676827,1407.7210479824505,0
3825.2168846778172,1.1191961939772788,367.0506383988855,0
3827.1250142814465,2.697496115169896,1022.6204293528558,1
2507.032608431501,0.5708685608931485,152.31976775198441,0
2711.4302425942974,5.31169528001032,1060.3647240298549,0
2069.559326924119,9.366056922949614,1931.6330735236345,1
1526.237700943226,0.39343540668509647,829.9927546730204,0
1650.3259087947058,1.221099140100268,174.09242389233202,0
2853.8145962696344,4.521990282834353,158.8160027467527,0
3133.31085303188,9.33875017527905,837.174843899052,0
3270.5266530404697,3.161561049767505,404.0473792800687,0
3263.6634997809388,5.072348086883924,144.36898302355323,0
819.2213606704163,0.41572859050392097,1536.8058665053359,0
2230.4710664590352,1.4834320096208886,971.1937168755923,0
701.455660058255,9.86630122958847,649.5650667480436,0
2423.3510881330744,9.651186964360456,1810.1580477313134,1
2045.3567548068195,0.04939980934409616,320.6640243809986,0
3606.9646396540493,9.51811785423239,1916.2457750151066,1
1728.2025439322754,6.391199378155004,696.5367630169703,0
909.7345574966205,8.679182945200221,1787.9669773864944,1
1000.4708871849255,4.547398556338591,1245.591465310977,0
3165.287211011153,5.155960285792503,1670.7439835088262,1
2663.7632216069137,4.888465802569202,1969.625010099882,0
853.9293664297659,6.668642575461043,647.9703318556169,0
794.3738214024911,1.396512547563129,1926.1574222744266,0
2953.39196010692,0.2997358987267795,840.0156003145987,0
754.6705222746773,3.079299415911909,832.4726190001523,0
3376.5102075162467,7.0468076273664675,746.7354980835609,0
2971.847795047737,2.0185345212294834,1128.674453960412,0
784.7207322466492,6.734324333249173,392.8755820391255,0
796.9319992981717,9.699120461072704,1152.0518221802213,0
3953.238524754114,0.9390071578941839,1129.2391435790075,0
1809.9477851464212,6.726021182251262,1547.613443949253,0
1797.247514734118,4.437502193045711,1683.9349276814125,0
3344.798485401259,8.681422543775053,936.8385655936057,1
3815.3700208435052,1.771497894473859,674.4331737678381,0
3951.003723380048,6.926259522261645,592.7363049024796,1
3136.823648406296,8.381152896481103,469.78528973925665,0
1816.9085493582052,9.446142194740233,209.53040617814727,0
792.2525084453407,6.832480282896459,750.6511597859553,0
3220.014205746029,4.971747640084273,613.4706150484882,0
2454.4148740753176,6.178472402012138,1936.193033146174,1
1984.777032364417,8.689049844787181,1159.6467698750835,0
3672.240347831576,5.706097466388297,759.8263741579643,0
889.1911880715297,0.3038705969683686,1202.8884418880223,0
2224.187865018007,9.309486955069778,364.47373255682146,0
539.7377566859667,6.895267510315612,943.6831234841856,0
2140.3122469794416,6.765133857772465,1289.8452107000212,0
697.0614648864307,2.1567515239771717,1028.9058804056576,0
915.8627069382517,6.5888547023265716,863.3797212432161,0
911.3418637198671,3.938644056541585,1988.3119389094265,0
2772.2360574062227,6.512329770414921,1772.5980480829612,1
3111.1570774289817,1.0659303030799072,1284.4713205029361,1
2541.7906778400584,6.5784530460303605,1181.8169862463374,0
3867.6039196608967,9.994137257706665,1279.2549116667096,1
1812.0470283329641,0.4821203886055603,482.4930048626232,0
1499.9923019865125,9.771741842213173,850.7617122022053,0
3540.096948663111,4.069079607228706,174.9731124927087,0
1282.5854348180842,8.707534503372592,1003.5374712249707,0
3871.2788880421394,7.823854840582735,1131.74670951956,0
542.5406614143571,5.6701626098666775,532.7244985960982,0
3894.5758934767364,7.384492092513265,1931.654809614476,1
651.0596918270164,8.78515561301348,1827.96376078076,0
3619.0008979432487,4.0414032165103295,1472.072147366221,0
2346.953881802049,3.270331615632387,1113.434594654189,0
3975.376786417551,6.675933855635847,1752.9414033306014,1
758.287976573896,8.078459419412585,348.23945326457954,0
2438.4899954046227,7.622851347766158,1601.9686091222816,1
3892.5588746668464,7.978136488586345,337.1595465370118,1
2330.842454595521,4.35583314812933,1609.0002588438704,0
2702.895233473419,8.178342161750216,623.9583796775783,0
2935.1204114461602,1.2020905537060844,1766.472103934559,0
2090.8937266872063,5.444890979608496,1893.6799782682558,1
2696.453280294222,0.057586604981215705,382.7123418697197,0
2545.100091730851,3.2458582990027027,979.0836496242476,0
3654.0530367184615,3.664615348713979,1963.8760185091016,1
659.0623311951026,3.961726916092554,1018.4741283489785,0
1483.3711635728062,6.954672066898622,1740.7402927776357,1
3826.4401942679556,3.885581012703457,1218.5898920495076,1
3615.923243618207,4.486936226225307,813.1268250472435,0
2094.7986347499955,2.375441308743275,642.9887554991534,0
2670.4640923053785,3.732517916293401,486.12387306356584,0
1470.8341404339644,2.2726962726315145,1547.4165636176247,0
1158.4240590331647,0.7319592376844364,834.426962963753,0
2122.9444172899375,6.034485933813779,1071.4233781814273,0
1736.7327980911848,6.682127985550163,1035.4184120022455,0
2542.796391478052,6.194903460096145,1196.8301555429493,0
772.0712293774469,4.6349404380057235,1744.5965766866493,0
3910.3818268315827,3.797857801792298,1963.404752808516,1
3951.73760567861,8.633336495718252,874.4099962902521,1
2943.565999069108,5.190817851362181,1672.2859520019758,1
2376.337282204421,4.79181877629731,1552.6028098439635,1
1583.3466570021471,0.2564206580643569,1189.7050077655892,0
3348.2825689743204,3.4124782762615635,1916.489572862673,1
2896.5591039385777,3.8019561878585706,480.9015795039653,0
1069.1592877071196,3.988227808969005,307.6019995882807,0
3688.2451457284487,5.801723692273323,1722.527737215302,1
3378.8803502310916,5.336025467268785,934.3846516041218,0
3824.299696521734,6.079050927934446,1709.240822993415,1
3040.01827935926,7.6488326154212825,1796.8713898712883,1
2646.9531857752645,8.129857387160936,218.66942787623572,0
1963.850627017166,7.181230762264944,1778.5830496735152,1
3764.5496917390465,9.555236959549347,951.8062052019021,0
3531.2236132514295,0.1823258267636163,1069.8217291080412,0
658.265345371663,1.957779856835461,1290.5257710770995,0
592.284410740382,0.0756287497814212,1860.1269527871648,0
1817.6217840731736,6.47474714154603,136.32057941655165,0
3336.9366577364153,8.98030548949987,1006.0025898038525,0
3955.4664526023057,2.4348229657629927,1406.6718806180652,1
1026.4591188623485,9.270345447963066,1473.1432196266342,1
2579.457503732473,0.6026739028956085,1415.811619920505,0
1833.1179982085753,9.344360268055143,355.4267458754315,0
3894.700392351111,3.516226872396344,668.8516179061943,0
3447.4162309749804,1.0142082844921652,781.5594982923255,0
3434.1504664889826,4.858717591863257,1628.4306945910596,1
2140.4260592823957,2.567765677205079,629.6437575876507,0
1951.8682581818282,2.8487290196192285,500.339431347686,0
1456.9247517574718,3.0728996492628657,1919.1512361723828,0
697.3142382782449,8.030258978326634,116.8402417155909,0
3526.5283168926862,5.391612766752544,1995.8596257957586,1
3345.1535319552713,3.1130769915600363,1385.9604678290516,0
3999.0118565014573,6.103337833109183,1674.0916689533224,0
3988.228929758669,7.161506742231936,659.776853057767,0
2444.010969609196,2.7262400073353374,127.19902756741396,0
3191.455953131787,4.135491015253515,1501.952085266907,0
3806.680054588498,1.2188609333694755,1684.874734301284,1
3473.76586737094,1.8114934953468032,1506.9046507116864,0
1365.7183561011918,6.811178539649828,371.41554587159334,0
2076.9044735853277,1.8143834769562694,1531.5130522882412,0
952.0579530302325,5.251633836670601,1560.9532860045178,0
3839.178595405528,7.090462617224327,1351.2269797731044,1
2621.61122057808,1.0687692309474384,1555.6202723116137,0
1300.2498192621197,5.673122196289036,1707.250735387691,1
2850.9523954204988,2.5656278370136376,1265.847817051171,0
2663.448841602635,9.629268752375799,268.3489565423902,0
1753.5695131149419,4.835456467199247,1026.4928383677006,1
897.4515726987015,8.059925497751582,247.53373587604963,0
2850.5061845747987,5.502265421562617,874.3317589616186,1
2321.076953163277,0.43412532854819164,873.5023293386926,0
3203.114371074738,6.3315137559402235,225.418703866459,0
2320.5722538919767,9.51403342206657,762.7590145420107,0
3482.6352511148903,6.016118201463312,310.8963877034982,0
2431.6739357106994,8.191888594267901,1635.6468990175222,1
2463.282900373852,8.842064633484078,1900.6072493324946,1
3568.2876093042078,2.2807977194893247,237.40130299008337,0
1912.1900317433897,2.1204483990822665,1914.7188938542326,1
969.0532995772426,6.1098098885099175,1092.895538739816,0
600.7393670966865,4.110284698067047,669.1747881123604,0
3142.9803948576664,8.398613028667203,246.03794302471067,0
2671.083429737126,9.000231233980111,1051.1861093337939,1
2964.2791883472823,3.534213793027181,1609.5795345324225,0
1245.3745652811876,2.3687055897448204,1443.4643068067264,0
977.3001645536942,7.805255152438618,195.42942178155016,0
550.9063298375868,2.748060355481361,238.51348719901668,0
1727.0564558230894,8.226143185136785,865.4592370020105,0
2564.711903991216,4.237382536487628,661.0519386910922,1
1872.854157849063,6.675498992914704,541.5302138064909,0
2031.1622270830517,0.9553531383466818,633.9085479265558,0
3664.5554307281195,6.23859324676573,1626.6172122640808,1
1718.8941345815513,4.517676787372292,1865.5333019005225,1
2298.963212059338,5.866084631754741,869.6951196023762,0
3242.785544594001,1.6801420774486342,1821.6109040517445,1
1887.8997381244455,7.368737449441821,710.8418323709757,0
2677.303450797557,8.627970775432285,1005.2302740532041,0
3518.272980613608,2.1673980009077565,529.4550958503994,0
3823.322182801747,0.9571455552016173,1316.9044801341036,1
1014.7571832516328,0.23638586046336396,1960.064118832137,0
3743.0566880652304,6.4197150044326605,1246.6368824824194,1
2222.4070257783837,6.070940360887808,779.8467598157429,1
1403.8553590463544,5.4669741271407,1330.853147382004,0
2106.9751468339146,2.3194709611597544,333.54928908423636,0
3930.1140134991697,3.9090599590551465,1788.4522525042573,1
2224.1633289750434,5.944763351861731,1055.859506481689,0
1650.6306360062788,4.967668588591694,953.76450987532,0
2716.90299010854,9.877855202148872,1213.1430980616865,1
1340.5096657236759,1.3643975255673313,1287.0893392998646,0
765.5216483803238,6.951445540475937,236.37403183037475,0
951.0790266872723,4.043187681042921,1396.9727203244645,0
948.1604363522035,4.281996149256147,559.6701925995062,0
1031.6594272930301,7.175977656581763,1456.5100017625207,0
985.8951042729354,6.924361513243697,1662.8161093299739,1
2743.0616068112513,9.912559937021882,1627.5211643497885,1
1136.580295397007,1.2839428945412523,1149.7518380749893,0
1709.8354916335213,1.0410964938416634,1088.3227953904272,0
3638.7594346710416,7.243388171287411,371.4643265448823,0
2158.865740920053,5.783869170064091,1573.1576857659577,0
2836.452084823595,2.7416066655980584,615.6778228487573,0
1103.1195492057045,0.794193689889866,1043.7213033540984,0
1173.0115658303478,0.8565824959643054,640.1207765622818,0
643.040156932676,8.941908746641182,354.27388969941694,0
1091.2727207525759,1.918673247187429,1296.1596240942995,0
1475.0661866118553,3.2337156211552074,203.23086616351728,0
1119.5366949686138,2.26656402226988,1522.42594483978,0
810.4588681496946,3.5499630583193733,703.4149109961216,0
922.2255488521029,0.6942384274609337,100.25591670852211,0
2112.7256881145404,5.190597909082704,1071.1453645507368,1
1222.1680144202737,0.676125635922149,189.01862620244594,0
1774.944513668264,8.003565078223616,624.722159859709,0
2261.960447991999,2.3371208191043302,1443.2553261658607,1
2916.3819002027785,5.400119146045106,219.11028108154514,0
637.5924894438463,8.800790875614583,1694.7431354764044,0
3297.9363961816493,6.5087736904719415,107.2578530513079,0
2697.6513632181773,5.329577865513353,568.9653514836143,0
786.1566118210517,3.243337531153756,1507.7177066889358,0
3557.52518437372,3.330019130581979,700.9132844856829,1
3723.053401861346,6.694869551981901,293.5955373254257,0
713.7728594920231,9.941393612211675,784.444445720813,0
1469.071768515213,6.618391898493786,613.7472441305985,0
3321.7044792757147,5.577834173700249,1701.1526141050542,0
3118.9089163428043,7.306505102392461,695.3610434117719,0
1145.8235677473208,4.652056122837181,1598.9716963744138,0
1232.722631678486,0.6014234260078521,1794.557075140396,0
1796.652359769837,5.6229681587790985,924.2530971954061,0
2195.8304481685745,9.576252845053801,1828.891973323345,1
2663.891700356036,1.7530294235765964,816.9043025300664,0
1791.1977384942033,6.900048908206657,1931.7489913312056,1
2118.8715064660173,2.0093368865905648,269.65009659858856,0
3116.148283468148,5.3582768447308124,1405.3366063561612,0
628.3912101170927,0.9667644964671962,1038.2466768681645,0
1383.5293052040727,4.503709362581851,836.5327303657294,0
2996.7235505959334,7.561633288952461,1302.1525696223416,1
3633.223931905198,3.4757152423898208,1437.3284741052294,1
2290.871047404831,6.64911724487218,108.29021233558727,0
2362.3971984286045,7.954499607897292,417.21086861967757,0
875.1020396892161,9.271778194794527,1454.7874962052056,0
2065.9432838820912,2.3464208185545354,1366.1322857985922,0
2364.160432592581,3.993159158093081,1935.4902597444866,1
1348.6467627215538,1.5241601333041743,1545.9718014764876,0
1442.3513083228333,9.924835021583752,1906.4681446895422,0
1820.4945708661792,9.270009679242953,1434.8269529161332,1
570.2491922220423,5.399571302805596,666.299196414942,0
1627.277079541124,8.420332943764212,300.1933522766273,0
1240.0680244879063,5.209579772720422,1585.4653403553775,0
1646.2407326227012,6.2358568800275975,1323.8835208042403,0
919.1674613673792,0.8912443211601662,191.55342354726284,0
3616.8454825896324,7.552704204968079,784.0958852118588,1
2577.5735874391703,1.2771348363523483,1917.9196494201437,1
2876.8581170057137,8.260676302525283,1050.7621768493823,0
3262.099335125684,7.820280876703859,922.1853584374388,1
2244.5476962517005,7.087446977429765,969.6292498026586,0
804.2210083059829,0.36160380524762115,496.87717560981105,0
2379.8728963649173,3.031283559453286,800.5436246431109,0
2553.943913073077,2.631125699108429,802.6451863756356,0
3109.038159645155,3.6013640747151907,199.47453835619757,0
2010.8084118038778,0.8764274676383854,1558.3784941840447,0
946.5310597844732,9.369578230310628,891.35842061737,0
1493.2156702955358,5.538022407123763,1662.1417849512043,0
1770.7880373952228,3.0552431065802352,1715.6612021278013,0
2760.7103446606043,3.969815170742834,502.78870392745034,0
2497.7240663411917,4.472025405048356,1348.9716161232443,0
1746.3385406424618,6.005943333606173,997.3354279096652,0
3952.803370775429,5.156794276964978,1772.2978020508217,1
2620.211867749105,9.193919732144174,509.90729043526284,0
1330.2937710759807,4.969634829058302,1387.845080589084,0
856.2386541714131,9.921580148233126,1254.729032280173,0
1035.006987145162,8.514249577450958,661.0728073864823,0
1360.8520493457786,2.085105143573358,359.541716937228,0
1062.384806408445,9.305952146439163,1338.1155449068256,0
1152.9845841795702,1.163663978854761,1503.3351704514282,0
1497.8330904284649,8.174497084911916,699.691953150365,0
1106.8075835316417,3.806232934765801,1325.1819476423962,0
3638.678986192488,8.779743204450694,850.7487244618562,1
780.8181098157477,8.680566901074503,1455.0930782369737,0
2335.789863495891,8.059254001176212,478.5090222987009,0
1936.3888944638154,7.900304363070614,1791.4085050087313,0
3938.3251591801222,3.046791390980408,646.0782332846015,0
892.1361575881832,0.8091928305125218,798.7933767366906,0
1892.4945966600958,4.029801787651614,210.3747089526646,0
3893.146516463791,1.7352451498650867,311.87320341042516,0
3529.274940628931,6.9495108890246176,1080.1376151534234,1
3359.7522483224798,3.4609972653778556,608.4260857831458,0
1402.6598946572894,9.756102008599148,1687.4124289101694,0
1098.1065558652303,6.40972077345332,127.9174384444123,0
2840.2512697355082,8.224805636343609,820.2786924766788,0
3752.8159619465505,1.3252467274184843,740.956538861276,0
2448.670125548754,8.620144822726225,136.72249874344197,0
2500.6444131446497,9.227571905133944,336.29995810096943,0
1479.9268278109946,4.870619188189359,885.9210823454071,0
3193.2252661717794,6.062529377509774,1036.4427104501488,0
1154.6531199513317,7.648098009029955,868.1505197842513,0
1632.877327414853,1.7483862726041255,1108.7815889829783,0
1989.0275351574587,5.0256607646344245,1230.750182320795,0
2276.6363253955924,3.986630277723131,118.8552601428877,0
1348.4340634527807,1.4637399216224911,981.7808029616574,0
901.9288865872124,3.6753442229153146,1930.6485576864177,0
2637.1701485457143,0.6817230938549357,1086.1613322461426,0
1510.2069363408953,0.25811906949486985,1387.330308172011,0
2534.333774979143,1.3516628915482276,692.5413300420781,0
1040.2695034597082,9.631151115891738,1570.583618490249,1
2183.9903564918613,5.49529535895017,1568.5508155646187,1
2364.0630139305504,9.6582216115322,1090.462490542864,0
681.3823788784941,4.32497878330132,1954.426264230506,0
1678.114973678722,3.1181613308525957,338.5454080490414,0
970.4513692864098,5.061418628402441,132.2005632902039,0
721.8123966546871,4.3951168863291015,1563.3006023384823,0
3964.860813364808,1.0566468426174391,1633.5955209932768,1
1628.2384574115304,6.408263146902062,328.39373532909485,0
3334.560560491222,2.160381825095996,604.6073826213515,0
1391.2422916731734,6.195879548978295,133.34949039659494,0
2885.259527783752,6.502010923981533,657.2863604830729,0
3160.797509613903,1.520248531286481,1568.969560445476,1
2584.7355921274548,0.6134962711066816,1084.1250026539,0
2150.5166599255544,7.807615860684399,761.3816270197474,0
1941.4431995154398,4.5980042376932015,806.3046603220275,0
1721.0389329004836,0.5816379550547579,102.57188885938949,0
3753.3520048673904,9.948663171697671,669.6210023739482,1
3407.167927257052,0.5778056099636664,1328.2716091120678,1
3877.5941873327943,6.950352288585532,1950.9694432510785,1
935.0402821994065,9.836789252634135,1709.4155712694092,1
3058.0361632127547,2.391801042159256,144.83043282650533,0
3784.1915988736323,1.4224936868719618,1807.2651488821948,0
1134.3157315798105,1.213849394224289,1588.0769852673893,0
732.7369357837213,3.0327514756759557,1582.7146347848627,0
3093.9222725152067,1.010458110106467,970.1919421067859,1
2510.6558961296914,6.9216134169413195,856.2100566135554,0
3446.400718653952,0.6229179813006269,675.539884783066,1
989.2033181920133,5.094221281497897,224.82023201329497,0
3283.4355915096157,9.966968538529768,533.6471906380283,1
1205.695620167106,8.139702695060189,568.5469064582468,0
1072.795800029966,6.152194382310109,1019.7464324493831,0
1074.9302927584754,3.062536207866117,1520.1443725337185,0
3351.0115208098373,6.238958362916385,1000.2386739560985,1
2828.1902724367005,5.270414639116517,209.90445394960517,0
2330.7289866919177,4.260833838903714,1919.8006218775874,0
1755.9066944322587,1.3071037674019947,1891.1762062788132,0
3570.201892845879,8.866042152404667,1591.8601319819759,1
1873.5578759792238,4.497846488213225,1983.5230129720192,1
3358.0980381505196,1.9462251182076507,1134.5164323204995,1
2036.9721799957645,3.677593508772896,1929.2598654810915,0
1819.3055029871766,4.1412975252892705,243.64957717182648,0
2119.3792498436223,8.275378955668742,794.7934216966055,0
1554.8225595744973,7.336143805614021,528.2244092128551,0
3116.632830616879,7.693048936413398,472.08285985511304,0
2259.521365323677,0.11031264428647214,367.52560289608454,0
1312.7444330138605,4.161539981797615,1282.5859189753937,0
3648.51100646099,4.813441516353237,1584.5115259198797,1
1843.61927480624,0.19192276823056686,1198.7669588986853,0
2402.4350138989603,2.598132087450342,379.2291482175984,0
3672.652388375914,7.60289823122135,1641.1351628735947,1
2684.832985698972,1.3710970572899905,1308.3139436110841,0
909.1431424792743,5.353101314525917,837.5148416412915,0
3789.412432647163,2.152018720172375,1380.8475615185196,1
2696.9781857499624,0.12120774643893273,593.8194605613824,0
1672.1696512998014,2.412014575995415,755.865196139,0
987.4522543218554,9.758737549100537,1843.2231019507815,0
3279.0881624460358,8.015371118829895,651.9585607756987,1
2670.2546457497974,9.595766443210334,992.9777095000795,0
2367.1138219171253,4.878540439263625,1791.2681610524278,1
3628.624040678352,1.097361986775035,1444.6705655083022,1
3260.0902392858575,5.47959488973693,218.1861297129352,0
1030.8620790646291,4.543773345599609,379.87578413004366,0
1591.0272372844188,8.44357082739616,114.89902246664195,0
1369.7119893506301,0.9808258078424459,1298.7514014354103,0
3103.8120240043695,4.882411370217782,950.5795082797948,0
617.3635215752279,1.5004866469398426,355.1222167143235,0
2494.6138970496077,3.2467592689005995,1920.074830007864,1
3168.605400092417,7.373570773877996,1106.3534754966777,1
3568.679728666123,4.7601812936876655,559.5972588144895,0
1697.286120505676,3.7588828514576935,1051.1467851939442,0
3374.400566352045,3.944762785700353,1391.2786321967048,1
887.2110793432253,4.594467684059866,244.8545141497725,0
3462.5830210708136,7.850165438370569,621.9372485909947,0
946.2103181619384,8.920846889402345,1633.2344326795878,0
1890.5055169612854,9.553346865039282,973.3632537650564,0
3290.5337802284375,7.869033862552951,1138.4965698613603,1
1024.710995720708,3.1540689574801273,922.3504041979916,0
1302.379883314245,6.881347060865421,183.4098910217097,0
3027.883989375732,4.376031240553919,414.9245816582963,0
3020.1278779112604,2.5467062204605115,946.5291136095927,0
2744.0167150985408,8.408715794259226,497.45238427506285,0
2928.81955563485,0.38426348962324997,194.9601544533896,0
2399.5355517165867,9.017619921354235,1702.9343616984652,1
1381.2967061743348,4.614774646247342,1964.26580541182,0
1709.935977263718,6.3720147680828045,1606.971460593805,1
1135.5920088049897,6.593539222057827,1722.1913512388674,0
3679.576964667699,8.951177407065364,559.7565476023863,1
2541.8712816814214,6.366696821672074,1925.1912534750795,1
1902.9799586727397,6.139335847600618,474.15883846151394,0
2117.0203127544646,0.6665204056068996,1907.7166396874813,1
3815.4916886413534,5.18408021945204,1990.1566585353069,1
1036.7299109062806,1.5016900081704165,1452.2733309174926,0
2551.80441205879,7.374337687214856,1964.1730904044616,0
2270.610376095631,5.122219208126745,1182.125581177497,0
2640.0898240212673,6.802277792083533,593.1293880345717,0
563.3856433729418,0.41672900602384266,930.2921827646796,0
3552.43368130453,0.8479201604580322,1227.7657772196933,1
3762.413988692643,7.163233880626823,238.85496785132847,0
2477.966142562231,0.7208433599867337,1282.4522027727676,0
2938.277883569123,0.712567277652586,1964.2378898483596,1
3728.747834120535,0.1210847523488745,461.20453458908247,0
2975.3352200968952,9.5650139829948,1605.9307209479282,1
1033.8866501999146,7.37508359459007,1825.0077081812767,0
2517.0092605838463,3.5325140850206416,1893.0330263584196,0
2623.502662339996,2.9653558128765525,1924.2576483703497,1
1984.457349558351,3.4970322974584955,1090.7733135707967,0
3077.55482468653,7.746535311811819,1956.885025183857,1
3770.2845516915518,6.613706110704144,1538.8893935554338,1
3739.489795173717,1.8519556786746794,407.1757288502276,0
2077.9377999144626,1.7410933533408435,1006.110202289143,0
896.3331604426434,0.9839564971339732,1464.8292332068077,0
3946.944196368171,6.603027197013382,569.9466000562584,0
3436.1433025607694,7.643726622217359,1317.168848742886,1
936.319384211434,2.6504642832500402,1366.5409101885766,0
3722.9465891608033,0.20944961030912812,409.1295132362752,0
3544.637267217449,0.8217166747642735,1173.662093660237,0
2315.9331999412525,9.678600348450304,1566.0911308593545,0
2569.4640251072524,2.9544477747742026,1047.9017626182897,0
1896.509463545456,7.692231478381336,122.99592187460411,0
691.6657358771097,6.2466356885426375,117.17309125065513,0
1673.1903457606531,3.8193963965289592,778.3557535430232,0
3309.98707009304,2.0568726219555513,1859.7687300203859,0
516.2120805161101,1.2138641815940643,534.4858812468567,0
1667.2471009190047,6.150129680388666,1305.2910088562055,0
1893.5904275683015,7.74633780637788,521.9441543173091,0
2380.88461028273,6.439042535411307,711.1729803531424,0
3719.4946574446617,5.303021332491583,1711.2799702428194,1
1712.2109802808643,0.41951223431636264,1484.836740312899,0
1714.336206636797,9.684887775943839,281.2586268951002,0
3081.2543683841195,7.987141916545745,914.5338398742239,1
2082.762793114325,2.928220367009647,155.4225509260025,0
1286.116880289937,9.799703293588507,1013.6912785457171,0
2083.5383064644266,6.018815896363221,1358.6246222320294,1
992.9995713292994,5.824226582072464,325.154984836488,0
1117.3544527717816,7.4807317942953215,648.8813839274147,0
2244.287204588179,8.117697880901375,855.8895884540982,0
1966.2390732659176,6.564786073315027,1847.1089468464945,1
3701.96065373835,1.2809574636620003,1987.1845293036317,1
1768.3786469082158,3.382675059944984,185.33146809167013,0
2532.059225973152,9.280836403260498,1545.915054641245,1
2712.9250077183565,2.2461561184385195,806.2757261644522,1
545.8305980591678,3.7216702383751334,845.6705538360121,0
2822.380802058487,4.32076882944196,1533.1034493593431,1
1123.12588404413,4.394049896944522,1845.0102210762764,1
3863.746111143093,6.129395824945255,1906.7643295548419,1
1020.3195471358954,9.430758377447075,1196.5329134728095,0
1951.184433044583,2.40692711832505,778.5302026709553,0
798.7238382752535,1.2150137630091806,1596.3432631316805,0
3989.0598814608156,1.9747048985993731,576.9026281983705,0
2257.682536159349,8.869249002092696,1171.7406547836838,0
2583.847560620153,6.458108126552061,781.299076897259,0
734.7676708594962,2.859067892391601,1347.5990400449646,0
3124.861646397122,8.159469389686173,556.7579344976631,0
1234.6695758345502,8.61369996363436,464.02659689616894,0
3643.1900130424983,8.465143386902781,1844.6542646833304,1
1217.9887416870251,9.189265336395545,293.4269976041201,0
1167.407022322833,2.522410201733616,1061.3200246963702,0
627.9238374683321,7.550419287462783,519.6202876297169,0
2152.234307884997,4.6053949727414,173.96693031876816,0
2476.9439664191577,8.419985528900614,168.43575475371014,0
729.9802379992333,7.284906771616132,432.9213670010719,0
3214.346658432537,7.764474464997246,1746.8636735614004,1
2086.5109216180967,6.561618376810715,636.7096135563506,0
2335.36594264653,1.7742876946970687,1905.872424093062,1
2042.6696142837984,5.450269188969383,1205.0823566794677,1
1902.670713063641,9.846697395245082,929.5669605606556,0
2458.7411595787626,9.373880664971189,1202.1687858719638,1
1043.3408607574938,0.4317373579701167,1081.726931929909,0
1136.748456733449,1.6481481572943713,1541.6748821389178,0
3516.2496735473105,1.317287734545619,636.7425253484193,0
3811.4041174677145,7.259799099852955,770.7957440405745,1
1806.5826069791353,8.17785329856945,1798.7791748131765,0
1447.6063560024381,2.1351136631067194,1898.2673749857704,0
2753.998401336555,5.05852692951829,1795.8606322243015,1
1930.5695988433374,8.407030280112,896.9511885188958,0
588.852244811207,7.328015447662506,1582.6944557130753,0
1046.5340907816662,5.422372054918483,1005.0378932720877,0
3005.9028009658914,5.903476904587729,1045.3257190775942,0
2806.23379668553,5.0836054691628,488.8922072088395,0
594.8359737621922,2.9754845131882055,1223.1475761911813,0
1276.9025667653232,5.650219928590161,453.6582057313611,0
1308.7617880582497,6.888853020500907,729.9729282276681,0
2851.6246025955493,8.733229158608077,1724.5573830778767,0
568.9868821402746,6.362913539792481,493.4440375006249,0
864.3800369460084,7.61121537043158,235.20074182952234,0
3299.706298806163,1.60071634954573,231.11442596435097,0
1124.9063171901676,4.6155747441978985,1887.490588955905,0
2784.6113774815612,0.09331619827093296,1063.1488321274858,0
1333.6397336635428,2.46678864521623,877.8829364523348,0
848.0448746577081,7.264617151130048,1640.669303915045,0
1351.1026684980893,9.918099513493635,1688.0692630299804,1
3027.934261494807,0.9917809958721591,731.1629629196487,0
3494.937638372,4.0149431586128825,1417.874309200211,1
3405.7695259844704,8.000709686991595,1565.1333501185845,0
1890.1423536645918,2.0403563462889887,1343.8363050453136,0
2838.2979779972616,5.550849493022863,388.0306421201888,0
1217.4450339553734,7.330712960296748,1764.1778586824084,1
1526.0170559135465,6.159854502601791,1124.2796501984164,0
3637.175364823919,1.8802473461541613,636.697610103007,0
545.5067322875761,3.553845686857394,907.9335523316184,0
799.2798579906382,7.837917844853973,171.38507175792404,0
1227.6018930110956,5.542265141320167,342.94692232259337,0
592.862713558369,0.052296135429127366,1554.5388259801357,0
1135.0240228142907,7.6099076002809385,100.02210603519566,0
2540.645463393923,0.3531135494023907,891.4750741163551,0
1974.985927073743,7.457337827312322,1092.769344062618,0
3624.350988769412,2.024805601652374,203.80539800184738,0
3361.052466084543,9.580734801193802,1948.8485096474324,1
1696.3607309425659,3.679407513020845,529.6381293743766,0
1407.9820170095236,3.269316163380791,677.9775673089337,0
1828.923428585434,1.4888805033244468,677.4907732845519,0
2566.032298801827,3.0560421549021486,537.7916580229648,0
1438.222742880067,8.766507618282006,102.80026196399169,0
2684.521177471969,9.963343376272473,1485.7551087671932,1
1932.9407826693414,3.683095305068483,1937.0064496186421,1
2432.1651329819306,4.486106309545425,526.1576182415856,0
2026.4428519736084,7.220709382027371,1359.7896644265027,1
1530.6301583967117,8.861957804650745,1509.6030212215587,0
3819.5865743675486,5.930443341867841,1712.008220271997,1
3172.620279559163,3.9152569817782936,902.9954743258573,0
990.3961151825839,4.126218408486237,675.5687207168155,0
3539.6379156426947,6.956181464968068,718.0607546437591,0
2206.0091938732976,0.032182636042786816,1453.9805328871744,0
3630.93279412932,6.195893374598407,1651.8809863607084,1
3299.4933958156034,3.554930104413574,445.06653873754505,0
1988.247265642317,7.941973312770843,804.7879154997539,0
578.6425791204109,0.9299063982313216,1813.686373823385,0
1440.3707578473113,5.882022669483905,1632.7176874200045,1
2395.719751313034,4.809728898861238,1971.230965248704,1
2717.1737693915156,6.423255259052274,1533.0716933959534,1
1402.606899016208,0.6485359448296835,847.0708819530523,0
987.7462592548845,5.799837874281312,1222.2118845898117,0
3422.255828797547,5.614845879595237,1355.9270830699086,1
3945.4076324624325,5.606600944161709,249.06605100253552,0
2339.9156380594004,6.034876665964548,1134.5442222973436,1
1100.8775004690624,6.764679372263622,1447.7095740979582,0
1453.0756428177915,8.049889996807698,417.91047760201474,0
564.3673679161336,2.6982072012821434,1583.2002631085586,0
3700.0458229617466,8.250494101800621,1209.1682829768122,1
912.128790115494,4.982556822634536,1909.2213928254298,0
2517.8076642998876,0.7705827913433116,180.60236659309422,0
1459.193272405221,0.585509292439792,604.1196613553873,0
2439.623008805277,3.3423831869606078,1242.9523706696657,0
2779.9713592315247,7.8489697711146755,663.4638331912683,1
3404.096312975206,7.076809347409157,1457.4059117353602,1
1222.474451162111,7.886149646724064,1542.1100367916688,0
538.4854003046817,5.172690564416094,294.7803317263015,0
979.0997052408254,4.401989979554905,1076.3234819928587,0
3650.0652464683676,1.4745252670628395,1066.8920556230062,0
3558.6152714688033,3.2819275360931153,801.6334634095281,0
2590.945857596079,4.340193661738753,1872.557238882377,1
2601.809011517787,0.8860042967961723,1672.2620077591203,0
2827.628360911894,2.2061195271121123,1424.6978256283098,0
1113.7994751820736,5.982252940637388,1457.2206078964953,0
3700.4418107373594,7.356631142391898,977.2606732449262,0
1965.6968371222558,9.983475113929497,1849.889590083494,1
1840.9848488732412,9.331133313435577,1419.7313117812423,1
2316.2119684899317,6.425651995351915,1485.0640171460511,1
664.3808837126926,4.21248053294072,1737.212717195956,0
1081.9917906462779,6.361773647082327,620.7360197501629,0
3083.1176574922965,7.85651618080232,1633.4347173467356,1
789.7953377379426,1.1833619092338732,470.95714561733485,0
2611.0323831323585,4.099048896962882,756.1497092652869,0
1358.7218838846234,8.398022856356173,737.6598631127011,1
1862.534649146918,3.83832951933044,1959.198389939367,0
1510.4280786974496,5.718722712271865,1727.420725121061,0
1744.854507627322,5.877693608621982,1432.2227370214935,0
3016.6606681448593,1.8447625313363936,1481.4078470692411,0
1539.9260046811125,3.622354416522884,1167.938309364885,0
2482.41624103914,3.3451128874193214,1899.4722675061862,1
2166.176407696849,0.26196708532064794,1042.891630476487,1
2822.8490787692685,0.24191763891355245,822.9836487527996,0
3778.904087636653,8.316970436757735,409.7671401700229,0
3064.002340235876,2.7307080997281243,1593.79073929601,0
1252.2913250676488,5.180787662388155,1495.4434709436237,0
609.1409727144963,2.9872557358877305,830.2745731958563,0
1417.9241550493878,9.406792451153406,147.86748652253578,0
2582.7727574508917,2.5929675886577375,1694.0949226642203,0
679.9903471948762,4.296568127389351,121.6941685627399,0
2237.281865204327,8.727302504846019,1437.0295812951967,0
2588.9499712091124,8.419335667918087,1943.4885084795085,1
1669.8536178593629,1.8610141784627732,931.5565234815866,0
3198.1927131103766,8.026433097957105,546.4494694923103,0
873.0938859682013,4.581868867378926,1439.2549190824252,0
762.9822360753307,4.829688720853552,1652.5434698296117,0
3048.6606467126117,1.3347997241594378,1138.2176005479098,1
2234.2196067216946,0.8060151375712465,1937.3670229866777,0
2909.408387497076,7.279393069737652,198.17057115012608,0
2021.8956851131118,4.964611523552998,1059.1116367786035,0
1362.407116336874,4.3685070261517955,1465.0624999128452,0
3366.858111859699,7.295082286523967,1739.01689518344,1
3297.9555763914273,7.6551289899110975,440.5856626248011,0
2931.4376479904936,1.5890816766935356,1620.0066153509947,0
1452.5079803048693,6.102251494776413,1150.1434438652361,0
2565.807334041805,1.3535408227768553,853.4519957809301,0
1763.4086392900938,7.513750860290457,350.25855430027775,0
820.5372566432195,6.569551562671395,1744.0619419269335,1
3710.5975141178496,9.56614621083458,398.81909554145915,0
978.8652082163649,0.6895801635642118,688.5969324972885,0
3825.8307383728084,0.5705472115125432,651.0865107286301,0
2061.020205352845,2.8218707469320012,1755.6866649626231,0
